源词,源码位置,调用行后续,是否改数据,实际动作,判定,定稿译名
Close,frappe-bench/apps/erpnext/erpnext/buying/doctype/purchase_order/purchase_order.js:349； frappe-bench/apps/erpnext/erpnext/manufacturing/doctype/production_plan/production_plan.js:131； frappe-bench/apps/erpnext/erpnext/manufacturing/doctype/work_order/work_order.js:764； frappe-bench/apps/erpnext/erpnext/selling/doctype/sales_order/sales_order.js:969； frappe-bench/apps/erpnext/erpnext/selling/doctype/sales_order/sales_order.js:1000； frappe-bench/apps/erpnext/erpnext/stock/doctype/delivery_note/delivery_note.js:321； frappe-bench/apps/erpnext/erpnext/stock/doctype/purchase_receipt/purchase_receipt.js:250,",； ,； ,； , () => this.close_sales_order(), __(""Status""));； ,； ,； , this.close_purchase_receipt, __(""Status""));",是,关闭关联销售/采购单据,一致,关闭
Delivery Note,frappe-bench/apps/erpnext/erpnext/accounts/doctype/sales_invoice/sales_invoice.js:128； frappe-bench/apps/erpnext/erpnext/accounts/doctype/sales_invoice/sales_invoice.js:434； frappe-bench/apps/erpnext/erpnext/selling/doctype/sales_order/sales_order.js:1047； frappe-bench/apps/erpnext/erpnext/stock/doctype/purchase_receipt/purchase_receipt.js:58,",； ,； ,； ,",是,从销售发票/销售订单/采购收货生成送货单,一致,送货单
Dunning,frappe-bench/apps/erpnext/erpnext/accounts/doctype/sales_invoice/sales_invoice.js:158,", this.make_dunning.bind(this), __(""Create""));",是,创建催款通知,一致,催款
Hold,frappe-bench/apps/erpnext/erpnext/buying/doctype/purchase_order/purchase_order.js:337； frappe-bench/apps/erpnext/erpnext/selling/doctype/sales_order/sales_order.js:994,",； ,",是,将销售订单或采购订单置为暂停,一致,暂停
Material Request,frappe-bench/apps/erpnext/erpnext/buying/doctype/purchase_order/purchase_order.js:527； frappe-bench/apps/erpnext/erpnext/manufacturing/doctype/job_card/job_card.js:220； frappe-bench/apps/erpnext/erpnext/manufacturing/doctype/production_plan/production_plan.js:158； frappe-bench/apps/erpnext/erpnext/manufacturing/doctype/work_order/work_order.js:820； frappe-bench/apps/erpnext/erpnext/selling/doctype/sales_order/sales_order.js:1092； frappe-bench/apps/erpnext/erpnext/stock/doctype/stock_entry/stock_entry.js:322； frappe-bench/apps/erpnext/erpnext/stock/doctype/stock_entry/stock_entry.js:478,",； ,； ,； , function () {； ,； ,； ,",是,从业务单据创建物料申请,一致,物料申请
Payment,frappe-bench/apps/erpnext/erpnext/accounts/doctype/purchase_invoice/purchase_invoice.js:124； frappe-bench/apps/erpnext/erpnext/accounts/doctype/sales_invoice/sales_invoice.js:98； frappe-bench/apps/erpnext/erpnext/buying/doctype/purchase_order/purchase_order.js:429； frappe-bench/apps/erpnext/erpnext/selling/doctype/sales_order/sales_order.js:1175,", () => this.make_payment_entry(), __(""Create""));； , () => this.make_payment_entry(), __(""Create""));； ,； ,",是,创建付款条目,一致,付款
Project,frappe-bench/apps/erpnext/erpnext/selling/doctype/sales_order/sales_order.js:1138,", () => this.make_project(), __(""Create""));",是,从销售订单创建项目,一致,项目
Purchase Order,frappe-bench/apps/erpnext/erpnext/accounts/doctype/purchase_invoice/purchase_invoice.js:155； frappe-bench/apps/erpnext/erpnext/selling/doctype/sales_order/sales_order.js:188； frappe-bench/apps/erpnext/erpnext/selling/doctype/sales_order/sales_order.js:1111； frappe-bench/apps/erpnext/erpnext/stock/doctype/purchase_receipt/purchase_receipt.js:216,",； ,； ,； ,",是,创建采购订单,一致,采购订单
Purchase Receipt,frappe-bench/apps/erpnext/erpnext/accounts/doctype/purchase_invoice/purchase_invoice.js:180； frappe-bench/apps/erpnext/erpnext/accounts/doctype/purchase_invoice/purchase_invoice.js:642； frappe-bench/apps/erpnext/erpnext/accounts/doctype/purchase_invoice/purchase_invoice.js:652； frappe-bench/apps/erpnext/erpnext/buying/doctype/purchase_order/purchase_order.js:383,",； ,； ,； ,",是,创建采购收货单,一致,采购收货单
Purchase Return,frappe-bench/apps/erpnext/erpnext/stock/doctype/purchase_receipt/purchase_receipt.js:253,", this.make_purchase_return, __(""Create""));",是,创建采购退货单,一致,采购退货
Quotation,frappe-bench/apps/erpnext/erpnext/accounts/doctype/sales_invoice/sales_invoice.js:402； frappe-bench/apps/erpnext/erpnext/selling/doctype/sales_order/sales_order.js:1191,",； ,",是,从销售订单或发票创建报价单,一致,报价单
Re-open,frappe-bench/apps/erpnext/erpnext/buying/doctype/purchase_order/purchase_order.js:368； frappe-bench/apps/erpnext/erpnext/manufacturing/doctype/production_plan/production_plan.js:123； frappe-bench/apps/erpnext/erpnext/manufacturing/doctype/work_order/work_order.js:782； frappe-bench/apps/erpnext/erpnext/selling/doctype/sales_order/sales_order.js:973,",； ,； ,； ,",是,重新打开已关闭的单据,一致,重新打开
Reserve,frappe-bench/apps/erpnext/erpnext/manufacturing/doctype/work_order/work_order.js:944； frappe-bench/apps/erpnext/erpnext/selling/doctype/sales_order/sales_order.js:106,",； ,",是,为销售订单预留库存,一致,预留
Sales Invoice,frappe-bench/apps/erpnext/erpnext/selling/doctype/sales_order/sales_order.js:1077； frappe-bench/apps/erpnext/erpnext/stock/doctype/delivery_note/delivery_note.js:346,",； ,",是,从销售订单或送货单创建销售发票,一致,销售发票
Sales Order,frappe-bench/apps/erpnext/erpnext/accounts/doctype/sales_invoice/sales_invoice.js:378； frappe-bench/apps/erpnext/erpnext/selling/doctype/quotation/quotation.js:134； frappe-bench/apps/erpnext/erpnext/stock/doctype/delivery_note/delivery_note.js:156,",； , () => this.make_sales_order(), __(""Create""));； ,",是,从报价单或销售发票创建销售订单,一致,销售订单
Unreserve,frappe-bench/apps/erpnext/erpnext/manufacturing/doctype/work_order/work_order.js:953； frappe-bench/apps/erpnext/erpnext/selling/doctype/sales_order/sales_order.js:121,",； ,",是,取消销售订单的库存预留,一致,取消预留
Update Items,frappe-bench/apps/erpnext/erpnext/buying/doctype/purchase_order/purchase_order.js:324； frappe-bench/apps/erpnext/erpnext/selling/doctype/quotation/quotation.js:136； frappe-bench/apps/erpnext/erpnext/selling/doctype/sales_order/sales_order.js:90； frappe-bench/apps/erpnext/erpnext/selling/doctype/sales_order/sales_order.js:946,", () => {； , () => {； , () => {； , () => {",是,更新单据中的物料明细,一致,更新物料
Work Order,frappe-bench/apps/erpnext/erpnext/manufacturing/doctype/bom/bom.js:257； frappe-bench/apps/erpnext/erpnext/selling/doctype/sales_order/sales_order.js:1055,",； ,",是,从销售订单或 BOM 创建工单,一致,工单
Save,frappe-bench/apps/frappe/frappe/public/js/frappe/form/toolbar.js,保存当前文档,是,保存当前文档,一致,保存
Submit,frappe-bench/apps/frappe/frappe/public/js/frappe/form/toolbar.js,提交当前文档,是,提交当前文档,一致,提交
Cancel,frappe-bench/apps/frappe/frappe/public/js/frappe/form/toolbar.js,取消当前文档,是,取消当前文档,一致,取消
Amend,frappe-bench/apps/frappe/frappe/public/js/frappe/form/toolbar.js,基于已取消文档新建修订单,是,基于已取消文档新建修订单,一致,修订
Delete,frappe-bench/apps/frappe/frappe/public/js/frappe/form/toolbar.js,删除当前文档,是,删除当前文档,一致,删除
